{"stats":{"minecraft:crafted":{"easypaxellite:iron_paxel":1},"minecraft:used":{"easy_npc:allay_spawn_egg":1,"minecraft:writable_book":4,"minecraft:lava_bucket":1,"minecraft:chiseled_deepslate":1,"minecraft:grass_block":2,"minecraft:oak_sign":2,"minecraft:chest":7,"minecraft:horse_spawn_egg":1,"smallships:oak_cog":1,"astikorcarts:supply_cart":1,"minecraft:sand":1,"minecraft:dirt":9,"minecraft:anvil":1,"minecraft:crafting_table":2,"easy_npc:humanoid_spawn_egg":1},"minecraft:picked_up":{"easy_villagers:incubator":1,"easypaxellite:iron_paxel":2,"astikorcarts:supply_cart":1,"easy_villagers:breeder":1,"workers:lumberjack_block":1,"mmorpg:newbie_gear_bag":1,"minecraft:torch":64,"map_atlases:atlas":1,"minecraft:bedrock":1,"workers:farmer_block":1,"minecraft:map":64,"smallships:oak_cog":2,"easy_villagers:villager":3,"workers:miner_block":1,"minecraft:saddle":1,"minecraft:horse_spawn_egg":1,"minecraft:bread":80,"minecraft:iron_sword":1},"minecraft:custom":{"minecraft:time_since_rest":85542,"minecraft:blood":0,"minecraft:magic_shield":0,"minecraft:sprint_one_cm":696,"minecraft:walk_one_cm":22239,"minecraft:interact_with_anvil":6,"minecraft:dexterity":0,"minecraft:intelligence":0,"minecraft:health":70,"minecraft:move_speed":0,"minecraft:swim_one_cm":1080,"minecraft:interact_with_crafting_table":2,"minecraft:fly_one_cm":94061,"minecraft:open_chest":98,"minecraft:crouch_one_cm":251,"minecraft:play_time":85542,"minecraft:sneak_time":458,"minecraft:walk_under_water_one_cm":268,"minecraft:jump":37,"minecraft:energy":50,"minecraft:strength":0,"minecraft:walk_on_water_one_cm":1044,"minecraft:leave_game":3,"minecraft:time_since_death":85542,"minecraft:total_world_time":85542,"minecraft:fall_one_cm":209,"minecraft:mana":50,"minecraft:horse_one_cm":1614}},"DataVersion":3465}