{"stats":{"minecraft:custom":{"minecraft:jump":1,"minecraft:intelligence":0,"minecraft:time_since_rest":3525,"minecraft:energy":50,"minecraft:blood":0,"minecraft:walk_on_water_one_cm":419,"minecraft:magic_shield":0,"minecraft:sprint_one_cm":1312,"minecraft:leave_game":2,"minecraft:play_time":3525,"minecraft:health":70,"minecraft:time_since_death":3525,"minecraft:move_speed":0,"minecraft:walk_one_cm":1387,"minecraft:strength":0,"minecraft:total_world_time":3525,"minecraft:walk_under_water_one_cm":64,"minecraft:fly_one_cm":365,"minecraft:mana":50,"minecraft:dexterity":0}},"DataVersion":3465}