{"stats":{"minecraft:picked_up":{"minecraft:azure_bluet":1,"minecraft:wheat_seeds":2,"minecraft:dandelion":2,"minecraft:poppy":1},"minecraft:custom":{"minecraft:time_since_rest":5362,"minecraft:blood":0,"minecraft:magic_shield":0,"minecraft:sprint_one_cm":2933,"minecraft:play_time":5362,"minecraft:walk_one_cm":8185,"minecraft:sneak_time":13,"minecraft:walk_under_water_one_cm":323,"minecraft:dexterity":0,"minecraft:jump":10,"minecraft:intelligence":0,"minecraft:energy":50,"minecraft:walk_on_water_one_cm":841,"minecraft:leave_game":3,"minecraft:health":70,"minecraft:move_speed":0,"minecraft:time_since_death":5362,"minecraft:strength":0,"minecraft:total_world_time":5362,"minecraft:fall_one_cm":418,"minecraft:fly_one_cm":1119,"minecraft:mana":50},"minecraft:used":{"minecraft:dandelion":2,"minecraft:azure_bluet":1},"minecraft:mined":{"minecraft:grass":3,"minecraft:poppy":1,"minecraft:dandelion":2,"minecraft:azure_bluet":1}},"DataVersion":3465}